step,loss,ce_sot,learning_rate,grad_norm,epoch
1,0.28482926,0.28482923,4e-08,0.21004885,2.37e-06
5,0.28615707,0.2861571,2e-07,0.23810975,1.185e-05
10,0.26601195,0.266012,4e-07,0.26967841,2.37e-05
15,0.26164262,0.2616426,6e-07,0.22887902,3.556e-05
20,0.29909244,0.29909241,8e-07,0.33535245,4.741e-05
25,0.25202839,0.25202835,1e-06,0.25966081,5.926e-05
30,0.31603301,0.31603301,1.2e-06,0.24617638,7.111e-05
35,0.26146052,0.26146052,1.4e-06,0.18815053,8.296e-05
40,0.29233065,0.29233065,1.6e-06,0.25727233,9.481e-05
45,0.26445222,0.26445222,1.8e-06,0.20166798,0.00010667
50,0.26132956,0.26132953,2e-06,0.17807604,0.00011852
55,0.23646479,0.23646479,2.2e-06,0.19020337,0.00013037
60,0.27482839,0.27482843,2.4e-06,0.2365154,0.00014222
65,0.27067637,0.27067637,2.6e-06,0.20075858,0.00015407
70,0.26865737,0.2686574,2.8e-06,0.27538657,0.00016593
75,0.24498162,0.24498162,3e-06,0.25977492,0.00017778
80,0.24748375,0.24748373,3.2e-06,0.26281217,0.00018963
85,0.28619349,0.28619347,3.4e-06,0.24579306,0.00020148
90,0.25980468,0.25980468,3.6e-06,0.21955648,0.00021333
95,0.25263782,0.25263786,3.8e-06,0.20128208,0.00022519
100,0.27367272,0.2736727,4e-06,0.17639726,0.00023704
105,0.29863267,0.29863267,4.2e-06,0.2202391,0.00024889
110,0.24427919,0.24427919,4.4e-06,0.17931257,0.00026074
115,0.26062026,0.26062024,4.6e-06,0.24191609,0.00027259
120,0.24255242,0.24255242,4.8e-06,0.20839112,0.00028444
125,0.22622471,0.22622473,5e-06,0.16458765,0.0002963
130,0.26200786,0.26200786,5.2e-06,0.27825361,0.00030815
135,0.28187065,0.2818706,5.4e-06,0.24673142,0.00032
140,0.27689035,0.2768904,5.6e-06,0.25596204,0.00033185
145,0.28025277,0.28025279,5.8e-06,0.24042878,0.0003437
150,0.26583834,0.26583834,6e-06,0.31914288,0.00035556
155,0.26465349,0.26465349,6.2e-06,0.21741524,0.00036741
160,0.26669269,0.26669276,6.4e-06,0.21977742,0.00037926
165,0.30649352,0.30649347,6.6e-06,0.17344515,0.00039111
170,0.22950654,0.22950656,6.8e-06,0.20936057,0.00040296
175,0.26805677,0.2680568,7e-06,0.21728654,0.00041481
180,0.25255671,0.25255671,7.2e-06,0.18686837,0.00042667
185,0.25910711,0.25910711,7.4e-06,0.21071325,0.00043852
190,0.28098335,0.2809834,7.6e-06,0.18952078,0.00045037
195,0.24732289,0.24732289,7.8e-06,0.25343958,0.00046222
200,0.23308749,0.23308747,8e-06,0.23225838,0.00047407
205,0.24882717,0.2488272,8.2e-06,0.22989658,0.00048593
210,0.27250152,0.27250154,8.4e-06,0.22083636,0.00049778
215,0.26080527,0.26080523,8.6e-06,0.28529495,0.00050963
220,0.26105669,0.26105666,8.8e-06,0.2139582,0.00052148
225,0.24613447,0.2461345,9e-06,0.17069538,0.00053333
230,0.27042565,0.27042565,9.2e-06,0.23828883,0.00054519
235,0.25259893,0.25259893,9.4e-06,0.27640527,0.00055704
240,0.2774255,0.27742546,9.6e-06,0.40364116,0.00056889
245,0.24877217,0.24877219,9.8e-06,0.30648696,0.00058074
250,0.29586501,0.29586501,1e-05,0.20758304,0.00059259
255,0.2540447,0.25404472,1.02e-05,0.19729042,0.00060444
260,0.23322635,0.23322635,1.04e-05,0.27852458,0.0006163
265,0.26664803,0.26664801,1.06e-05,0.19336689,0.00062815
270,0.25116711,0.25116715,1.08e-05,0.17512141,0.00064
275,0.29682412,0.29682415,1.1e-05,0.25869378,0.00065185
280,0.27432933,0.2743293,1.12e-05,0.2210871,0.0006637
285,0.24702001,0.24702001,1.14e-05,0.31080678,0.00067556
290,0.28763995,0.28764,1.16e-05,0.27311245,0.00068741
295,0.25547433,0.25547433,1.18e-05,0.20055521,0.00069926
300,0.29535546,0.29535546,1.2e-05,0.25422481,0.00071111
305,0.26519902,0.26519899,1.22e-05,0.30412939,0.00072296
310,0.28813105,0.28813109,1.24e-05,0.21909447,0.00073481
315,0.28540492,0.2854049,1.26e-05,0.49465141,0.00074667
320,0.27069588,0.27069583,1.28e-05,0.43623608,0.00075852
325,0.28859203,0.28859205,1.3e-05,0.40333942,0.00077037
330,0.28103676,0.28103678,1.32e-05,0.37517178,0.00078222
335,0.25933323,0.25933328,1.34e-05,0.3509416,0.00079407
340,0.27184877,0.27184877,1.36e-05,0.26921466,0.00080593
345,0.25541387,0.25541387,1.38e-05,0.43183243,0.00081778
350,0.2930882,0.29308825,1.4e-05,0.29609731,0.00082963
355,0.2596765,0.2596765,1.42e-05,0.2929233,0.00084148
360,0.26455157,0.26455159,1.44e-05,0.28538924,0.00085333
365,0.2702214,0.27022145,1.46e-05,0.24725156,0.00086519
370,0.30246139,0.30246143,1.48e-05,0.37856272,0.00087704
375,0.30758085,0.30758085,1.5e-05,0.36195627,0.00088889
380,0.26704214,0.26704211,1.52e-05,0.32293141,0.00090074
385,0.31872172,0.31872175,1.54e-05,0.42318109,0.00091259
390,0.29643812,0.29643815,1.56e-05,0.24329627,0.00092444
395,0.27095714,0.27095714,1.58e-05,0.33054397,0.0009363
400,0.27246611,0.27246609,1.6e-05,0.36417121,0.00094815
405,0.27513459,0.27513459,1.62e-05,0.47824702,0.00096
410,0.29228964,0.29228961,1.64e-05,0.41138577,0.00097185
415,0.29126382,0.29126382,1.66e-05,0.33681551,0.0009837
420,0.27045546,0.27045543,1.68e-05,0.27792442,0.00099556
425,0.28356743,0.28356738,1.7e-05,0.44642916,0.00100741
430,0.27789745,0.27789745,1.72e-05,0.46576899,0.00101926
435,0.2723762,0.2723762,1.74e-05,0.27813888,0.00103111
440,0.28247566,0.28247561,1.76e-05,0.2942411,0.00104296
445,0.29884357,0.29884365,1.78e-05,0.19363558,0.00105481
450,0.28031158,0.28031156,1.8e-05,0.27945367,0.00106667
455,0.28543909,0.28543909,1.82e-05,0.20892976,0.00107852
460,0.29364748,0.29364748,1.84e-05,0.28669518,0.00109037
465,0.2791501,0.2791501,1.86e-05,0.31506747,0.00110222
470,0.28097324,0.28097329,1.88e-05,0.25272858,0.00111407
475,0.27693057,0.27693057,1.9e-05,0.27563727,0.00112593
480,0.29492671,0.29492669,1.92e-05,0.3303273,0.00113778
485,0.26727784,0.26727786,1.94e-05,0.3129169,0.00114963
490,0.30514832,0.30514836,1.96e-05,0.25545698,0.00116148
495,0.29203949,0.29203939,1.98e-05,0.21643381,0.00117333
500,0.26148548,0.26148548,2e-05,0.33013341,0.00118519
505,0.29913759,0.29913754,1.99e-05,0.36274722,0.00119704
510,0.25775251,0.25775247,1.98e-05,0.26979572,0.00120889
515,0.26983581,0.26983581,1.971e-05,0.24633966,0.00122074
520,0.27935748,0.2793575,1.961e-05,0.32347852,0.00123259
525,0.29320436,0.29320438,1.952e-05,0.37237045,0.00124444
530,0.28774545,0.28774543,1.943e-05,0.23245096,0.0012563
535,0.28976667,0.28976665,1.933e-05,0.24310727,0.00126815
540,0.25415993,0.25415993,1.925e-05,0.3746649,0.00128
545,0.27764246,0.27764246,1.916e-05,0.41994557,0.00129185
550,0.30470324,0.30470326,1.907e-05,0.31006321,0.0013037
555,0.27557604,0.27557602,1.898e-05,0.21893638,0.00131556
560,0.30740294,0.30740294,1.89e-05,0.22688627,0.00132741
565,0.27102976,0.27102981,1.881e-05,0.27251998,0.00133926
570,0.3114593,0.3114593,1.873e-05,0.35698822,0.00135111
575,0.27772517,0.2777252,1.865e-05,0.53721815,0.00136296
580,0.27266178,0.27266178,1.857e-05,0.32524315,0.00137481
585,0.27398219,0.27398224,1.849e-05,0.17775984,0.00138667
590,0.25527015,0.25527015,1.841e-05,0.41704524,0.00139852
595,0.27531288,0.27531285,1.833e-05,0.25315481,0.00141037
600,0.30197587,0.30197582,1.826e-05,0.28718755,0.00142222
605,0.26767688,0.2676769,1.818e-05,0.23179004,0.00143407
610,0.30530686,0.30530682,1.811e-05,0.3886748,0.00144593
615,0.29939427,0.29939427,1.803e-05,0.35679802,0.00145778
620,0.24019144,0.24019141,1.796e-05,0.2357451,0.00146963
625,0.27299452,0.27299452,1.789e-05,0.28404066,0.00148148
630,0.30287514,0.30287519,1.782e-05,0.49510643,0.00149333
635,0.31312642,0.31312642,1.775e-05,0.58185661,0.00150519
640,0.27810378,0.27810378,1.768e-05,0.22000813,0.00151704
645,0.28375077,0.2837508,1.761e-05,0.27888545,0.00152889
650,0.31859031,0.31859028,1.754e-05,0.37442166,0.00154074
655,0.26114149,0.26114149,1.747e-05,0.33131009,0.00155259
660,0.30001566,0.30001562,1.741e-05,0.33487928,0.00156444
665,0.27254267,0.27254272,1.734e-05,0.43988419,0.0015763
670,0.31131263,0.31131265,1.728e-05,0.54512453,0.00158815
675,0.2749445,0.27494452,1.721e-05,0.33051437,0.0016
680,0.27128675,0.27128677,1.715e-05,0.30401617,0.00161185
685,0.31506636,0.31506639,1.709e-05,0.42631903,0.0016237
690,0.26898334,0.26898336,1.703e-05,0.29055175,0.00163556
695,0.27367511,0.27367511,1.696e-05,0.39601892,0.00164741
700,0.2618717,0.26187172,1.69e-05,0.34341156,0.00165926
705,0.2605123,0.26051233,1.684e-05,0.2986564,0.00167111
710,0.28870823,0.28870819,1.678e-05,0.37255201,0.00168296
715,0.31021457,0.31021457,1.672e-05,0.60601366,0.00169481
720,0.30977702,0.30977705,1.667e-05,0.50966656,0.00170667
725,0.28060904,0.28060904,1.661e-05,0.25862759,0.00171852
730,0.30065398,0.30065393,1.655e-05,0.59521043,0.00173037
735,0.31895432,0.31895432,1.65e-05,0.64229035,0.00174222
740,0.271209,0.271209,1.644e-05,0.32614672,0.00175407
745,0.27877612,0.27877612,1.638e-05,0.32224569,0.00176593
750,0.26725245,0.26725245,1.633e-05,0.27917641,0.00177778
755,0.30183125,0.30183129,1.628e-05,0.32158369,0.00178963
760,0.27620099,0.27620091,1.622e-05,0.40623462,0.00180148
765,0.25641491,0.25641494,1.617e-05,0.30900988,0.00181333
770,0.28801823,0.28801827,1.612e-05,0.23871057,0.00182519
775,0.29492836,0.29492836,1.606e-05,0.60252351,0.00183704
780,0.25862856,0.25862854,1.601e-05,0.3051655,0.00184889
785,0.27977843,0.27977846,1.596e-05,0.40695652,0.00186074
790,0.28680873,0.28680873,1.591e-05,0.44851202,0.00187259
795,0.26500828,0.26500826,1.586e-05,0.30563921,0.00188444
800,0.29741826,0.29741824,1.581e-05,0.3454774,0.0018963
805,0.29905391,0.29905388,1.576e-05,0.27362174,0.00190815
810,0.30977952,0.3097795,1.571e-05,0.48384467,0.00192
815,0.32658534,0.32658534,1.567e-05,0.39362779,0.00193185
820,0.25210547,0.25210547,1.562e-05,0.39798602,0.0019437
825,0.30641742,0.30641742,1.557e-05,0.27929115,0.00195556
830,0.2702178,0.27021785,1.552e-05,0.40179455,0.00196741
835,0.27591004,0.27591004,1.548e-05,0.32222834,0.00197926
840,0.28955603,0.28955603,1.543e-05,0.26271152,0.00199111
845,0.27226191,0.27226191,1.538e-05,0.3127073,0.00200296
850,0.30180392,0.30180392,1.534e-05,0.33738932,0.00201481
855,0.27136078,0.27136073,1.529e-05,0.22583684,0.00202667
860,0.28792181,0.28792176,1.525e-05,0.43283576,0.00203852
865,0.26887894,0.26887889,1.521e-05,0.30047247,0.00205037
870,0.25713,0.25713003,1.516e-05,0.30767396,0.00206222
875,0.27765651,0.27765656,1.512e-05,0.34164977,0.00207407
880,0.27361116,0.27361116,1.508e-05,0.36011794,0.00208593
885,0.30589719,0.30589716,1.503e-05,0.320847,0.00209778
890,0.28848524,0.28848529,1.499e-05,0.29957786,0.00210963
895,0.30356317,0.30356314,1.495e-05,0.27329135,0.00212148
900,0.29308548,0.29308546,1.491e-05,0.36148825,0.00213333
905,0.27866025,0.2786603,1.487e-05,0.27678841,0.00214519
910,0.25555584,0.25555587,1.482e-05,0.27092806,0.00215704
915,0.29681985,0.29681985,1.478e-05,0.43839395,0.00216889
920,0.28966188,0.28966188,1.474e-05,0.39124525,0.00218074
925,0.27026861,0.27026858,1.47e-05,0.30099487,0.00219259
930,0.26220555,0.26220555,1.466e-05,0.30055168,0.00220444
935,0.26910009,0.26910009,1.463e-05,0.57085413,0.0022163
940,0.31598783,0.31598785,1.459e-05,0.24555303,0.00222815
945,0.27747326,0.27747326,1.455e-05,0.2904872,0.00224
950,0.30392747,0.30392742,1.451e-05,0.2468219,0.00225185
955,0.32628679,0.32628675,1.447e-05,0.32186472,0.0022637
960,0.2569211,0.25692115,1.443e-05,0.27307558,0.00227556
965,0.27419968,0.27419968,1.44e-05,0.2705327,0.00228741
970,0.29383364,0.29383368,1.436e-05,0.62073529,0.00229926
975,0.30613608,0.30613611,1.432e-05,0.37589854,0.00231111
980,0.27782683,0.27782686,1.429e-05,0.22586992,0.00232296
985,0.31733427,0.31733427,1.425e-05,0.30416879,0.00233481
990,0.30689883,0.30689883,1.421e-05,0.27472624,0.00234667
995,0.27616956,0.27616949,1.418e-05,0.21874414,0.00235852
1000,0.29806852,0.29806848,1.414e-05,0.49416226,0.00237037
1005,0.29342709,0.29342709,1.411e-05,0.26998857,0.00238222
1010,0.29126589,0.29126589,1.407e-05,0.35896555,0.00239407
1015,0.26411324,0.26411324,1.404e-05,0.27939552,0.00240593
1020,0.29767828,0.29767828,1.4e-05,0.33833218,0.00241778
1025,0.27979822,0.2797982,1.397e-05,0.64615053,0.00242963
1030,0.28472519,0.28472524,1.393e-05,0.26958078,0.00244148
1035,0.28879418,0.28879421,1.39e-05,0.36651549,0.00245333
1040,0.25746307,0.25746303,1.387e-05,0.31527433,0.00246519
1045,0.28115301,0.28115301,1.383e-05,0.3021774,0.00247704
1050,0.29983306,0.29983306,1.38e-05,0.24064595,0.00248889
1055,0.26008029,0.26008029,1.377e-05,0.41479969,0.00250074
1060,0.29383388,0.29383388,1.374e-05,0.36744961,0.00251259
1065,0.27994437,0.2799444,1.37e-05,0.38203114,0.00252444
1070,0.28434052,0.28434052,1.367e-05,0.21516016,0.0025363
1075,0.3012676,0.3012676,1.364e-05,0.437695,0.00254815
1080,0.30424891,0.30424895,1.361e-05,0.37132084,0.00256
1085,0.28479896,0.28479893,1.358e-05,0.25798368,0.00257185
1090,0.28826246,0.28826246,1.355e-05,0.42756474,0.0025837
1095,0.27307572,0.27307568,1.351e-05,0.2523717,0.00259556
1100,0.25059624,0.25059624,1.348e-05,0.46699733,0.00260741
1105,0.24118381,0.24118383,1.345e-05,0.43868744,0.00261926
1110,0.30418644,0.30418644,1.342e-05,0.35181543,0.00263111
1115,0.28478773,0.2847877,1.339e-05,0.30676046,0.00264296
1120,0.30192051,0.30192049,1.336e-05,0.32276753,0.00265481
1125,0.27982583,0.27982583,1.333e-05,0.29619312,0.00266667
1130,0.26106634,0.26106637,1.33e-05,0.32940909,0.00267852
1135,0.28714819,0.28714819,1.327e-05,0.59110397,0.00269037
1140,0.3057198,0.30571985,1.325e-05,0.31135577,0.00270222
1145,0.25392034,0.25392032,1.322e-05,0.35826734,0.00271407
1150,0.31105425,0.31105425,1.319e-05,0.33115077,0.00272593
1155,0.2637296,0.26372962,1.316e-05,0.44715843,0.00273778
1160,0.30016723,0.3001673,1.313e-05,0.35871851,0.00274963
1165,0.32859316,0.32859313,1.31e-05,0.26528636,0.00276148
1170,0.25203466,0.25203466,1.307e-05,0.43529221,0.00277333
1175,0.29191618,0.29191618,1.305e-05,0.26592615,0.00278519
1180,0.34412804,0.34412808,1.302e-05,0.51254237,0.00279704
1185,0.27766843,0.27766848,1.299e-05,0.22164239,0.00280889
1190,0.27229071,0.27229073,1.296e-05,0.44726074,0.00282074
1195,0.29138808,0.29138808,1.294e-05,0.59528589,0.00283259
1200,0.29590011,0.29590011,1.291e-05,0.30109021,0.00284444
1205,0.29405453,0.29405456,1.288e-05,0.32549176,0.0028563
1210,0.26224103,0.26224103,1.286e-05,0.20371127,0.00286815
1215,0.28612008,0.28612006,1.283e-05,0.4972423,0.00288
1220,0.29726048,0.29726052,1.28e-05,0.3694379,0.00289185
1225,0.28317668,0.28317671,1.278e-05,0.28015208,0.0029037
1230,0.32727695,0.32727685,1.275e-05,0.26618096,0.00291556
1235,0.28918862,0.28918867,1.273e-05,0.29523873,0.00292741
1240,0.26336932,0.26336935,1.27e-05,0.34887329,0.00293926
1245,0.30414367,0.30414367,1.267e-05,0.28428462,0.00295111
1250,0.25436025,0.2543602,1.265e-05,0.26027036,0.00296296
1255,0.29447522,0.2944752,1.262e-05,0.35052744,0.00297481
1260,0.29037519,0.29037514,1.26e-05,0.26950222,0.00298667
1265,0.25650516,0.25650516,1.257e-05,0.35486892,0.00299852
1270,0.32356205,0.32356205,1.255e-05,0.62352133,0.00301037
1275,0.27640119,0.27640119,1.252e-05,0.26974237,0.00302222
1280,0.27714543,0.27714543,1.25e-05,0.42205572,0.00303407
1285,0.27096133,0.27096133,1.248e-05,0.32441929,0.00304593
1290,0.28961439,0.28961439,1.245e-05,0.27083513,0.00305778
1295,0.26569767,0.26569767,1.243e-05,0.34627905,0.00306963
1300,0.25079978,0.2507998,1.24e-05,0.3901417,0.00308148
1305,0.27088943,0.27088943,1.238e-05,0.3452324,0.00309333
1310,0.27502131,0.27502136,1.236e-05,0.2930373,0.00310519
1315,0.23992586,0.23992586,1.233e-05,0.23710112,0.00311704
1320,0.30063682,0.30063677,1.231e-05,0.38749442,0.00312889
1325,0.28341761,0.28341761,1.229e-05,0.23709415,0.00314074
1330,0.25184698,0.25184693,1.226e-05,0.2873657,0.00315259
1335,0.30805082,0.30805082,1.224e-05,0.26883659,0.00316444
1340,0.29538975,0.29538975,1.222e-05,0.35461184,0.0031763
1345,0.31178949,0.31178946,1.219e-05,0.42592782,0.00318815
1350,0.29283991,0.29283993,1.217e-05,0.39940825,0.0032
1355,0.26480539,0.26480536,1.215e-05,0.28712681,0.00321185
1360,0.29885077,0.29885073,1.213e-05,0.26571181,0.0032237
1365,0.29967356,0.29967356,1.21e-05,0.34090146,0.00323556
1370,0.32146001,0.32146001,1.208e-05,0.49430239,0.00324741
1375,0.29785199,0.29785199,1.206e-05,0.20223196,0.00325926
1380,0.28566294,0.28566289,1.204e-05,0.27523506,0.00327111
1385,0.3077657,0.30776572,1.202e-05,0.43556085,0.00328296
1390,0.31043367,0.31043367,1.2e-05,0.45887417,0.00329481
1395,0.3006464,0.30064642,1.197e-05,0.32060727,0.00330667
1400,0.2588995,0.2588995,1.195e-05,0.25674286,0.00331852
1405,0.27110491,0.27110486,1.193e-05,0.40077725,0.00333037
1410,0.27005126,0.27005122,1.191e-05,0.40475821,0.00334222
1415,0.32330029,0.32330031,1.189e-05,0.50290793,0.00335407
1420,0.28510685,0.28510685,1.187e-05,0.27523875,0.00336593
1425,0.30643449,0.30643444,1.185e-05,0.34421319,0.00337778
1430,0.26321361,0.26321361,1.183e-05,0.40389761,0.00338963
1435,0.2838275,0.28382754,1.181e-05,0.38750705,0.00340148
1440,0.3040329,0.30403295,1.179e-05,0.41925123,0.00341333
1445,0.2950911,0.2950911,1.176e-05,0.35273367,0.00342519
1450,0.28855462,0.28855462,1.174e-05,0.55596244,0.00343704
1455,0.27881646,0.27881641,1.172e-05,0.41724691,0.00344889
1460,0.27700977,0.27700982,1.17e-05,0.26450193,0.00346074
1465,0.31743667,0.3174367,1.168e-05,0.31806049,0.00347259
1470,0.27969398,0.27969401,1.166e-05,0.32909122,0.00348444
1475,0.26795158,0.26795161,1.164e-05,0.33488241,0.0034963
1480,0.30008316,0.30008314,1.162e-05,0.77949727,0.00350815
1485,0.29154971,0.29154968,1.161e-05,0.22379909,0.00352
1490,0.26751468,0.26751466,1.159e-05,0.26753938,0.00353185
1495,0.28430209,0.28430212,1.157e-05,0.30241936,0.0035437
1500,0.28307104,0.28307104,1.155e-05,0.30612323,0.00355556
1505,0.28653307,0.28653309,1.153e-05,0.33512729,0.00356741
1510,0.25039401,0.25039403,1.151e-05,0.18281762,0.00357926
1515,0.2667613,0.2667613,1.149e-05,0.29594868,0.00359111
1520,0.25076456,0.25076456,1.147e-05,0.23219121,0.00360296
1525,0.25866568,0.25866568,1.145e-05,0.2804673,0.00361481
1530,0.26581335,0.26581335,1.143e-05,0.29848829,0.00362667
1535,0.28101735,0.28101733,1.141e-05,0.32080236,0.00363852
1540,0.29216571,0.29216573,1.14e-05,0.24553441,0.00365037
1545,0.26861842,0.26861842,1.138e-05,0.30868351,0.00366222
1550,0.29144673,0.29144678,1.136e-05,0.33797935,0.00367407
1555,0.29184783,0.29184783,1.134e-05,0.44486383,0.00368593
1560,0.28677232,0.2867723,1.132e-05,0.378203,0.00369778
1565,0.30718408,0.30718408,1.13e-05,0.41103846,0.00370963
1570,0.29768939,0.29768949,1.129e-05,0.41583255,0.00372148
1575,0.30210772,0.30210767,1.127e-05,0.34136057,0.00373333
1580,0.29492073,0.29492075,1.125e-05,0.33462858,0.00374519
1585,0.29438388,0.29438391,1.123e-05,0.36378285,0.00375704
1590,0.29398351,0.29398351,1.122e-05,0.45193213,0.00376889
1595,0.31053066,0.31053066,1.12e-05,0.26748058,0.00378074
1600,0.31009188,0.3100919,1.118e-05,0.61525095,0.00379259
1605,0.26764441,0.26764436,1.116e-05,0.21480879,0.00380444
1610,0.30236349,0.30236349,1.115e-05,0.32854646,0.0038163
1615,0.30292122,0.30292125,1.113e-05,0.40280929,0.00382815
1620,0.30561361,0.30561364,1.111e-05,0.42965478,0.00384
1625,0.2755631,0.27556314,1.109e-05,0.38108525,0.00385185
1630,0.29486179,0.29486177,1.108e-05,0.33654591,0.0038637
1635,0.29519243,0.29519241,1.106e-05,0.37842655,0.00387556
1640,0.33069396,0.33069398,1.104e-05,0.45578766,0.00388741
1645,0.27070813,0.27070816,1.103e-05,0.52963418,0.00389926
1650,0.30723758,0.30723767,1.101e-05,0.24797331,0.00391111
1655,0.28540208,0.28540211,1.099e-05,0.39359394,0.00392296
1660,0.27135921,0.27135918,1.098e-05,0.34182775,0.00393481
1665,0.28309984,0.28309984,1.096e-05,0.3303107,0.00394667
1670,0.26283617,0.26283617,1.094e-05,0.37102622,0.00395852
1675,0.30210466,0.30210476,1.093e-05,0.39981347,0.00397037
1680,0.30320015,0.3032002,1.091e-05,0.45721075,0.00398222
1685,0.26600654,0.26600657,1.089e-05,0.37304726,0.00399407
1690,0.28597126,0.28597126,1.088e-05,0.3515636,0.00400593
1695,0.31375427,0.31375427,1.086e-05,0.32581133,0.00401778
1700,0.30721829,0.30721827,1.085e-05,0.30163765,0.00402963
1705,0.25701692,0.25701687,1.083e-05,0.33130649,0.00404148
1710,0.28456867,0.2845686,1.081e-05,0.34836781,0.00405333
1715,0.26638174,0.26638169,1.08e-05,0.22255325,0.00406519
1720,0.31157365,0.31157365,1.078e-05,0.54250294,0.00407704
1725,0.31160989,0.31160986,1.077e-05,0.43462986,0.00408889
1730,0.30806625,0.3080663,1.075e-05,0.36927596,0.00410074
1735,0.27514882,0.27514882,1.074e-05,0.376358,0.00411259
1740,0.32332611,0.32332611,1.072e-05,0.40568513,0.00412444
1745,0.30247326,0.30247326,1.071e-05,0.26901674,0.0041363
1750,0.25080643,0.25080643,1.069e-05,0.30867514,0.00414815
1755,0.2801239,0.2801239,1.068e-05,0.34446582,0.00416
1760,0.30522299,0.30522299,1.066e-05,0.2848008,0.00417185
1765,0.30900078,0.3090008,1.064e-05,0.473829,0.0041837
1770,0.25756907,0.25756907,1.063e-05,0.29084051,0.00419556
1775,0.30896721,0.30896719,1.061e-05,0.42536098,0.00420741
1780,0.30194898,0.30194893,1.06e-05,0.21666697,0.00421926
1785,0.27570779,0.27570782,1.059e-05,0.18855539,0.00423111
1790,0.25727217,0.25727212,1.057e-05,0.31185952,0.00424296
1795,0.28681722,0.28681726,1.056e-05,0.32586065,0.00425481
1800,0.30106153,0.30106153,1.054e-05,0.35506031,0.00426667
1805,0.25122716,0.25122714,1.053e-05,0.25264284,0.00427852
1810,0.28264742,0.28264742,1.051e-05,0.23398091,0.00429037
1815,0.24954174,0.24954178,1.05e-05,0.43203196,0.00430222
1820,0.30655842,0.30655844,1.048e-05,0.41010672,0.00431407
1825,0.3285938,0.3285938,1.047e-05,0.3333028,0.00432593
1830,0.29753666,0.29753666,1.045e-05,0.48522332,0.00433778
1835,0.26956344,0.26956344,1.044e-05,0.30492336,0.00434963
1840,0.2832773,0.28327732,1.043e-05,0.37945646,0.00436148
1845,0.28409057,0.28409059,1.041e-05,0.38660616,0.00437333
1850,0.32405386,0.32405386,1.04e-05,0.46318078,0.00438519
1855,0.26248331,0.26248331,1.038e-05,0.2563459,0.00439704
1860,0.21999364,0.21999364,1.037e-05,0.37991244,0.00440889
1865,0.26162772,0.26162775,1.036e-05,0.30872643,0.00442074
1870,0.30906463,0.30906458,1.034e-05,0.48406833,0.00443259
1875,0.30998609,0.30998607,1.033e-05,0.32870471,0.00444444
1880,0.29181581,0.29181581,1.031e-05,0.22263159,0.0044563
1885,0.25768976,0.25768976,1.03e-05,0.26887417,0.00446815
1890,0.28894043,0.28894043,1.029e-05,0.35693607,0.00448
1895,0.3148303,0.31483035,1.027e-05,0.2653617,0.00449185
1900,0.29233551,0.29233549,1.026e-05,0.42166418,0.0045037
1905,0.33114738,0.33114738,1.025e-05,0.38737088,0.00451556
1910,0.32171898,0.32171898,1.023e-05,0.29301366,0.00452741
1915,0.29388123,0.2938812,1.022e-05,0.43472514,0.00453926
1920,0.29701238,0.29701242,1.021e-05,0.59270263,0.00455111
1925,0.25389969,0.25389972,1.019e-05,0.3191767,0.00456296
1930,0.27289884,0.27289889,1.018e-05,0.36024886,0.00457481
1935,0.28316789,0.28316784,1.017e-05,0.3824808,0.00458667
1940,0.29585841,0.29585848,1.015e-05,0.34119654,0.00459852
1945,0.30018203,0.30018201,1.014e-05,0.63070238,0.00461037
1950,0.3127676,0.31276762,1.013e-05,0.32068971,0.00462222
1955,0.3046989,0.30469885,1.011e-05,0.4786498,0.00463407
1960,0.27089114,0.27089114,1.01e-05,0.35980275,0.00464593
1965,0.30024931,0.30024934,1.009e-05,0.24421287,0.00465778
1970,0.31770635,0.31770635,1.008e-05,0.38346994,0.00466963
1975,0.30015717,0.30015717,1.006e-05,0.42151511,0.00468148
1980,0.26833801,0.26833797,1.005e-05,0.48003975,0.00469333
1985,0.294311,0.294311,1.004e-05,0.33522791,0.00470519
1990,0.29204514,0.29204512,1.003e-05,0.44155777,0.00471704
1995,0.27114892,0.27114892,1.001e-05,0.3553139,0.00472889
2000,0.29866953,0.29866951,1e-05,0.26782086,0.00474074
2005,0.28044689,0.28044686,9.99e-06,0.26730865,0.00475259
2010,0.27982104,0.27982106,9.98e-06,0.99919307,0.00476444
2015,0.27446575,0.27446575,9.96e-06,0.56509542,0.0047763
2020,0.30705647,0.30705647,9.95e-06,0.27897283,0.00478815
2025,0.32545121,0.32545123,9.94e-06,0.35543451,0.0048
2030,0.29362245,0.29362245,9.93e-06,0.36368302,0.00481185
2035,0.29924099,0.29924102,9.91e-06,0.3123613,0.0048237
2040,0.31510706,0.31510711,9.9e-06,0.62392038,0.00483556
2045,0.26781063,0.26781063,9.89e-06,0.27399263,0.00484741
2050,0.29575174,0.29575176,9.88e-06,0.46157178,0.00485926
2055,0.26048021,0.26048021,9.87e-06,0.3882089,0.00487111
2060,0.29076729,0.29076729,9.85e-06,0.5105952,0.00488296
2065,0.31875801,0.31875801,9.84e-06,0.35565317,0.00489481
2070,0.31238091,0.31238089,9.83e-06,0.43038595,0.00490667
2075,0.31761112,0.31761115,9.82e-06,0.48456839,0.00491852
2080,0.32902465,0.32902465,9.81e-06,0.43846211,0.00493037
2085,0.30416102,0.30416107,9.79e-06,0.92875874,0.00494222
2090,0.29055114,0.29055119,9.78e-06,0.58155876,0.00495407
2095,0.28623304,0.28623309,9.77e-06,0.4443379,0.00496593
2100,0.29846337,0.29846334,9.76e-06,0.31960264,0.00497778
2105,0.30737,0.30737004,9.75e-06,0.34019092,0.00498963
2110,0.2862783,0.28627825,9.74e-06,0.34380746,0.00500148
2115,0.34804044,0.34804049,9.72e-06,0.36770919,0.00501333
2120,0.28035932,0.28035927,9.71e-06,0.26961809,0.00502519
2125,0.28819675,0.28819671,9.7e-06,0.27484158,0.00503704
2130,0.27805009,0.27805014,9.69e-06,0.40037623,0.00504889
2135,0.30722997,0.30722995,9.68e-06,0.35003221,0.00506074
2140,0.3179379,0.3179379,9.67e-06,0.35950696,0.00507259
2145,0.32578487,0.32578485,9.66e-06,0.35783428,0.00508444
2150,0.30732465,0.30732467,9.64e-06,0.35411009,0.0050963
2155,0.25332403,0.25332398,9.63e-06,0.43846366,0.00510815
2160,0.28230276,0.28230276,9.62e-06,0.39628235,0.00512
2165,0.31799321,0.31799321,9.61e-06,0.46506831,0.00513185
2170,0.31874166,0.31874161,9.6e-06,0.28554916,0.0051437
2175,0.31038365,0.31038365,9.59e-06,0.31775945,0.00515556
2180,0.29957271,0.29957271,9.58e-06,0.33643118,0.00516741
2185,0.31186478,0.31186476,9.57e-06,0.4783113,0.00517926
2190,0.30061779,0.30061774,9.56e-06,0.32292759,0.00519111
2195,0.32271302,0.32271304,9.55e-06,0.50164938,0.00520296
2200,0.30867481,0.30867481,9.53e-06,0.39510867,0.00521481
2205,0.3247756,0.32477558,9.52e-06,0.35630497,0.00522667
2210,0.28831692,0.28831692,9.51e-06,0.42176324,0.00523852
2215,0.29161286,0.29161289,9.5e-06,0.51470703,0.00525037
2220,0.29355369,0.29355369,9.49e-06,0.38777938,0.00526222
2225,0.27962465,0.27962461,9.48e-06,0.36359984,0.00527407
2230,0.29344966,0.29344964,9.47e-06,0.4535827,0.00528593
2235,0.31297028,0.31297026,9.46e-06,0.43561271,0.00529778
2240,0.30465498,0.30465498,9.45e-06,0.50004238,0.00530963
2245,0.2859549,0.2859549,9.44e-06,0.36704844,0.00532148
2250,0.34557276,0.34557278,9.43e-06,0.64182395,0.00533333
2255,0.28479524,0.28479528,9.42e-06,0.38815477,0.00534519
2260,0.29770634,0.29770637,9.41e-06,0.36934486,0.00535704
2265,0.28047218,0.28047218,9.4e-06,0.33742315,0.00536889
2270,0.28301144,0.28301141,9.39e-06,0.24764246,0.00538074
2275,0.36531954,0.36531954,9.38e-06,0.43172434,0.00539259
2280,0.35986409,0.35986407,9.37e-06,0.62234688,0.00540444
2285,0.29727268,0.29727268,9.36e-06,0.29521701,0.0054163
2290,0.30787244,0.30787249,9.35e-06,0.46670771,0.00542815
2295,0.29299083,0.29299083,9.34e-06,0.443813,0.00544
2300,0.29216435,0.29216435,9.33e-06,0.47142202,0.00545185
2305,0.27487242,0.2748724,9.31e-06,0.32280764,0.0054637
2310,0.31976547,0.31976547,9.3e-06,0.3514559,0.00547556
2315,0.30879922,0.30879927,9.29e-06,0.49137375,0.00548741
2320,0.30454149,0.30454149,9.28e-06,0.29846653,0.00549926
2325,0.31732199,0.31732199,9.27e-06,0.64635736,0.00551111
2330,0.30320718,0.30320716,9.26e-06,0.37110612,0.00552296
2335,0.29404097,0.29404097,9.25e-06,0.42370948,0.00553481
2340,0.33030291,0.33030295,9.25e-06,0.47213852,0.00554667
2345,0.2993854,0.29938543,9.24e-06,0.30744469,0.00555852
2350,0.28583026,0.28583026,9.23e-06,0.31384444,0.00557037
2355,0.3133821,0.31338205,9.22e-06,0.49378479,0.00558222
2360,0.29580672,0.29580669,9.21e-06,0.35825527,0.00559407
2365,0.33003182,0.33003187,9.2e-06,0.28387651,0.00560593
2370,0.34245028,0.34245028,9.19e-06,0.35779068,0.00561778
2375,0.29921603,0.29921601,9.18e-06,0.51580411,0.00562963
2380,0.29641182,0.2964118,9.17e-06,0.46182725,0.00564148
2385,0.32486613,0.32486615,9.16e-06,0.37004805,0.00565333
2390,0.3387394,0.33873944,9.15e-06,0.41602823,0.00566519
2395,0.29588566,0.29588566,9.14e-06,0.33061603,0.00567704
2400,0.2979497,0.2979497,9.13e-06,0.31083801,0.00568889
2405,0.27799592,0.27799592,9.12e-06,0.21899673,0.00570074
2410,0.29439962,0.29439957,9.11e-06,0.35385856,0.00571259
2415,0.30447683,0.30447681,9.1e-06,0.49438357,0.00572444
2420,0.32411966,0.32411966,9.09e-06,0.45347893,0.0057363
2425,0.2962018,0.29620185,9.08e-06,0.30958971,0.00574815
2430,0.27416499,0.27416499,9.07e-06,0.39759296,0.00576
2435,0.30856209,0.30856209,9.06e-06,0.34338605,0.00577185
2440,0.30537045,0.30537043,9.05e-06,0.27701247,0.0057837
2445,0.26760802,0.26760802,9.04e-06,0.36635426,0.00579556
2450,0.30468273,0.30468273,9.04e-06,0.3138147,0.00580741
2455,0.33089981,0.33089986,9.03e-06,0.29096955,0.00581926
2460,0.29529896,0.29529893,9.02e-06,0.39245421,0.00583111
2465,0.29030056,0.29030056,9.01e-06,0.24854934,0.00584296
2470,0.27669044,0.27669039,9e-06,0.54908079,0.00585481
2475,0.3060415,0.30604157,8.99e-06,0.44072753,0.00586667
2480,0.28871603,0.28871603,8.98e-06,0.31358469,0.00587852
2485,0.28689699,0.28689704,8.97e-06,0.35407218,0.00589037
2490,0.27563758,0.27563758,8.96e-06,0.35142115,0.00590222
2495,0.31022282,0.31022279,8.95e-06,0.32366693,0.00591407
2500,0.27986345,0.27986345,8.94e-06,0.31351817,0.00592593
2505,0.27165051,0.27165051,8.94e-06,0.31541803,0.00593778
2510,0.30024335,0.30024335,8.93e-06,0.32957441,0.00594963
2515,0.30253255,0.30253258,8.92e-06,0.409044,0.00596148
2520,0.29485703,0.29485705,8.91e-06,0.54853302,0.00597333
2525,0.31893106,0.3189311,8.9e-06,0.30640131,0.00598519
2530,0.29306393,0.29306393,8.89e-06,0.38187352,0.00599704
2535,0.30736012,0.30736012,8.88e-06,0.26464441,0.00600889
2540,0.32540157,0.32540159,8.87e-06,0.43088558,0.00602074
2545,0.30220246,0.30220249,8.86e-06,0.41424808,0.00603259
2550,0.28416247,0.28416247,8.86e-06,0.33090571,0.00604444
2555,0.32059407,0.32059407,8.85e-06,0.79502195,0.0060563
2560,0.2753176,0.2753176,8.84e-06,0.31037539,0.00606815
2565,0.29617333,0.29617338,8.83e-06,0.32389557,0.00608
2570,0.30768652,0.30768652,8.82e-06,0.36389461,0.00609185
2575,0.31278877,0.31278872,8.81e-06,0.39127198,0.0061037
2580,0.3352392,0.3352391,8.8e-06,0.45280984,0.00611556
2585,0.33821096,0.33821099,8.8e-06,0.42502335,0.00612741
2590,0.33033772,0.33033774,8.79e-06,0.45734885,0.00613926
2595,0.30487621,0.30487618,8.78e-06,0.53287512,0.00615111
2600,0.32195852,0.32195854,8.77e-06,0.3350569,0.00616296
2605,0.325946,0.32594595,8.76e-06,0.37129936,0.00617481
2610,0.2788538,0.2788538,8.75e-06,0.27317482,0.00618667
2615,0.31066432,0.31066432,8.75e-06,0.33442798,0.00619852
2620,0.32075508,0.3207551,8.74e-06,0.38787445,0.00621037
2625,0.2948,0.29479997,8.73e-06,0.34756109,0.00622222
2630,0.32741466,0.32741466,8.72e-06,0.48846015,0.00623407
2635,0.31527219,0.31527221,8.71e-06,0.29787731,0.00624593
2640,0.30312309,0.30312309,8.7e-06,0.33990085,0.00625778
2645,0.29234538,0.29234538,8.7e-06,0.26891187,0.00626963
2650,0.26212087,0.26212082,8.69e-06,0.44298267,0.00628148
2655,0.31777611,0.31777613,8.68e-06,0.44724235,0.00629333
2660,0.28067946,0.28067946,8.67e-06,0.39337128,0.00630519
2665,0.29370115,0.29370112,8.66e-06,0.40436545,0.00631704
2670,0.28101497,0.28101497,8.65e-06,0.36466822,0.00632889
2675,0.32608871,0.32608869,8.65e-06,0.38842395,0.00634074
2680,0.30593398,0.305934,8.64e-06,0.4491117,0.00635259
2685,0.29254904,0.29254904,8.63e-06,0.30012107,0.00636444
2690,0.29182711,0.29182711,8.62e-06,0.34571058,0.0063763
2695,0.30883002,0.30883,8.61e-06,1.22199726,0.00638815
2700,0.30567861,0.30567865,8.61e-06,0.35430291,0.0064
2705,0.30931449,0.30931449,8.6e-06,0.2992391,0.00641185
2710,0.31379466,0.31379471,8.59e-06,0.34769234,0.0064237
2715,0.29383149,0.29383149,8.58e-06,0.37932247,0.00643556
2720,0.30852022,0.3085202,8.57e-06,0.46422926,0.00644741
2725,0.3070997,0.30709965,8.57e-06,0.38641948,0.00645926
2730,0.2993367,0.29933672,8.56e-06,0.3351382,0.00647111
2735,0.32872443,0.32872446,8.55e-06,0.37462988,0.00648296
2740,0.32164583,0.32164586,8.54e-06,0.41955441,0.00649481
2745,0.26749897,0.26749897,8.54e-06,0.26929122,0.00650667
2750,0.35217724,0.35217719,8.53e-06,0.4804163,0.00651852
2755,0.33213992,0.33213997,8.52e-06,0.46168324,0.00653037
2760,0.2899883,0.28998833,8.51e-06,0.34303215,0.00654222
2765,0.25918868,0.2591887,8.5e-06,0.33024645,0.00655407
2770,0.33476176,0.33476181,8.5e-06,0.43804336,0.00656593
2775,0.30069003,0.30069005,8.49e-06,0.32883337,0.00657778
2780,0.33835745,0.33835747,8.48e-06,0.4637976,0.00658963
2785,0.3002594,0.30025945,8.47e-06,0.40061706,0.00660148
2790,0.32075219,0.32075224,8.47e-06,0.36712688,0.00661333
2795,0.31504774,0.31504779,8.46e-06,0.47444963,0.00662519
2800,0.35820751,0.35820751,8.45e-06,0.56815344,0.00663704
2805,0.3118593,0.31185932,8.44e-06,0.36030024,0.00664889
2810,0.33792858,0.33792856,8.44e-06,0.41862905,0.00666074
2815,0.33174305,0.33174307,8.43e-06,0.34465322,0.00667259
2820,0.28623409,0.28623412,8.42e-06,0.33388144,0.00668444
2825,0.31740375,0.3174037,8.41e-06,0.3020623,0.0066963
2830,0.29515378,0.29515376,8.41e-06,0.41768253,0.00670815
2835,0.32806587,0.32806587,8.4e-06,0.3599568,0.00672
2840,0.32272172,0.32272172,8.39e-06,0.45526284,0.00673185
2845,0.30081382,0.30081379,8.38e-06,0.27282792,0.0067437
2850,0.32417274,0.32417278,8.38e-06,0.28539976,0.00675556
2855,0.30501914,0.30501909,8.37e-06,0.35179612,0.00676741
2860,0.32943497,0.32943497,8.36e-06,0.35183015,0.00677926
2865,0.28296161,0.28296161,8.36e-06,0.39942223,0.00679111
2870,0.28319604,0.28319607,8.35e-06,0.36037549,0.00680296
2875,0.33951392,0.33951395,8.34e-06,0.44166827,0.00681481
2880,0.32106118,0.32106123,8.33e-06,0.43342471,0.00682667
2885,0.32318823,0.32318823,8.33e-06,0.35756338,0.00683852
2890,0.31299701,0.31299706,8.32e-06,0.22957698,0.00685037
2895,0.3270097,0.32700968,8.31e-06,0.39167207,0.00686222
2900,0.32798486,0.32798488,8.3e-06,0.3313891,0.00687407
2905,0.35004492,0.35004489,8.3e-06,0.46624056,0.00688593
2910,0.32075143,0.32075138,8.29e-06,0.28661904,0.00689778
2915,0.34815893,0.34815896,8.28e-06,0.31941608,0.00690963
2920,0.26669135,0.26669135,8.28e-06,0.27490377,0.00692148
2925,0.33395395,0.33395395,8.27e-06,0.66761535,0.00693333
2930,0.31383247,0.31383247,8.26e-06,0.50895804,0.00694519
2935,0.31609621,0.31609621,8.25e-06,0.39666054,0.00695704
2940,0.28991628,0.28991628,8.25e-06,0.41846704,0.00696889
2945,0.25333776,0.25333776,8.24e-06,0.44183019,0.00698074
2950,0.29408882,0.29408879,8.23e-06,0.41615647,0.00699259
2955,0.34058473,0.34058475,8.23e-06,0.43525332,0.00700444
2960,0.33834774,0.33834774,8.22e-06,0.38847911,0.0070163
2965,0.32825716,0.32825716,8.21e-06,0.31871897,0.00702815
2970,0.27126815,0.27126818,8.21e-06,0.26984158,0.00704
2975,0.26006846,0.26006846,8.2e-06,0.40477821,0.00705185
2980,0.29597445,0.29597445,8.19e-06,0.35979885,0.0070637
2985,0.27651119,0.27651119,8.19e-06,0.35858956,0.00707556
2990,0.25608993,0.25608993,8.18e-06,0.32272863,0.00708741
2995,0.34214907,0.34214911,8.17e-06,0.81785709,0.00709926
3000,0.35368075,0.35368078,8.16e-06,0.44935429,0.00711111
3005,0.34276931,0.34276927,8.16e-06,0.49765384,0.00712296
3010,0.27108123,0.27108121,8.15e-06,0.28191769,0.00713481
3015,0.31962953,0.31962948,8.14e-06,0.47823176,0.00714667
3020,0.29137139,0.29137139,8.14e-06,0.54940987,0.00715852
3025,0.30817015,0.30817018,8.13e-06,0.36503151,0.00717037
3030,0.30822599,0.30822597,8.12e-06,0.31465775,0.00718222
3035,0.3572866,0.35728662,8.12e-06,0.43470693,0.00719407
3040,0.31317043,0.31317048,8.11e-06,0.42223096,0.00720593
3045,0.31251633,0.31251631,8.1e-06,0.26920485,0.00721778
3050,0.31463084,0.31463084,8.1e-06,0.36151186,0.00722963
3055,0.3118535,0.31185348,8.09e-06,0.36237144,0.00724148
3060,0.29948885,0.2994889,8.08e-06,0.47674003,0.00725333
3065,0.32224221,0.32224221,8.08e-06,0.35095298,0.00726519
3070,0.33442159,0.33442159,8.07e-06,0.52643675,0.00727704
3075,0.30884118,0.30884118,8.06e-06,0.31871533,0.00728889
3080,0.30426459,0.30426459,8.06e-06,0.35015729,0.00730074
3085,0.29812348,0.2981235,8.05e-06,0.27927038,0.00731259
3090,0.31734259,0.31734264,8.05e-06,0.49987394,0.00732444
3095,0.31502328,0.31502323,8.04e-06,0.39907992,0.0073363
3100,0.26814222,0.26814222,8.03e-06,0.306786,0.00734815
3105,0.34700379,0.34700379,8.03e-06,0.50927734,0.00736
3110,0.31595745,0.31595745,8.02e-06,0.43047395,0.00737185
3115,0.33961015,0.33961012,8.01e-06,0.31919679,0.0073837
3120,0.27638187,0.27638183,8.01e-06,0.30844951,0.00739556
3125,0.34685693,0.34685698,8e-06,0.41621831,0.00740741
3130,0.32047582,0.32047584,7.99e-06,0.31928495,0.00741926
3135,0.30475636,0.30475636,7.99e-06,0.38205153,0.00743111
